{
  "name": "Shaka Player Demo",
  "short_name": "Shaka Player",
  "icons": [{
      "src": "app_logo_144.png",
      "sizes": "144x144",
      "type": "image/png"
    }, {
      "src": "app_logo_192.png",
      "sizes": "192x192",
      "type": "image/png"
    }, {
      "src": "app_logo_256.png",
      "sizes": "256x256",
      "type": "image/png"
    }, {
      "src": "app_logo_384.png",
      "sizes": "384x384",
      "type": "image/png"
    }, {
      "src": "app_logo_512.png",
      "sizes": "512x512",
      "type": "image/png"
    }],
  "start_url": "./#build=compiled",
  "display": "standalone",
  "background_color": "#FFFFFF",
  "theme_color": "#2F3BA2"
}
