{
  "tags": {
    "dictionaries": [ "closure", "jsdoc" ]
  },
  "source": {
    "include": [
      "lib",
      "ui",
      "externs/shaka"
    ]
  },
  "templates": {
    "default": {
      "sortTutorialsByConfigOrder": true,
      "useLongnameInNav": true,
      "navOrder": [
        "Tutorials",
        "Classes",
        "Interfaces",
        "Events"
      ]
    }
  },
  "plugins": [ "docs/jsdoc-plugin" ],
  "markdown": {
    "idInHeadings": true
  },
  "opts": {
    "pedantic": true,
    "private": true,
    "recurse": true,
    "readme": "docs/api-mainpage.md",
    "tutorials": "docs/tutorials",
    "template": "docs/jsdoc-template",
    "destination": "docs/api"
  }
}
