[
  { "welcome": { "title": "Welcome to Shaka Player" } },
  { "basic-usage": { "title": "Basic Usage" } },
  { "debugging": { "title": "Debugging" } },
  { "config": { "title": "Configuration" } },
  { "network-and-buffering-config": { "title": "Network and Buffering Configuration" } },
  { "drm-config": { "title": "DRM Configuration" } },
  { "license-server-auth": { "title": "License Server Authentication" } },
  { "license-wrapping": { "title": "License Wrapping" } },
  { "ui": { "title": "UI Library" } },
  { "ui-customization": { "title": "Configuring the UI" } },
  { "a11y": { "title": "Creating accessible buttons" } },
  { "ad_monetization": { "title": "Serving ads with our IMA SDK integration" } },
  { "plugins": { "title": "Plugins and Customizing the Build" } },
  { "manifest-parser": { "title": "Manifest Parser Plugins" } },
  { "architecture": { "title": "Architecture Diagrams" } },
  { "service-worker": { "title": "Service Worker Caching" } },
  { "offline": { "title": "Offline Storage and Playback" } },
  { "fairplay": { "title": "FairPlay support" } },
  { "application-level-redirects": { "title": "Application-Level Redirects" } },
  { "blob-url": { "title": "Blob URL" } },
  { "faq": { "title": "Frequently Asked Questions" } },
  { "upgrade": {
      "title": "Upgrade Guide",
      "children": {
        "upgrade-v2-5": { "title": "Upgrade Guide, v2.5 => v3" },
        "upgrade-v3": { "title": "Upgrade Guide, v3" },
        "upgrade-manifest": { "title": "Shaka Player Manifest Upgrade Guide" }
      }
  } }
]
